User_ID,Activity_ID,Preference_Score,Timestamp
1,13,4.378142516245893,2021-01-01 00:00:00
2,16,9.749898122765448,2021-01-01 01:00:00
3,1,3.0082392575483685,2021-01-01 02:00:00
4,4,0.7896990938509474,2021-01-01 03:00:00
5,4,7.2687796579609625,2021-01-01 04:00:00
6,8,9.754241344063232,2021-01-01 05:00:00
7,10,7.820893772259256,2021-01-01 06:00:00
8,20,2.470452120554377,2021-01-01 07:00:00
9,19,0.3656098562972987,2021-01-01 08:00:00
10,5,4.069219314129478,2021-01-01 09:00:00
11,7,8.777507883922576,2021-01-01 10:00:00
12,13,4.319937843572865,2021-01-01 11:00:00
13,2,2.8408613500321698,2021-01-01 12:00:00
14,7,9.353018858844461,2021-01-01 13:00:00
15,8,7.722655830970694,2021-01-01 14:00:00
16,15,6.109865079265923,2021-01-01 15:00:00
17,18,0.026770710333953174,2021-01-01 16:00:00
18,6,9.315050336880876,2021-01-01 17:00:00
19,14,6.738373432338104,2021-01-01 18:00:00
20,9,2.2446693840171053,2021-01-01 19:00:00
21,10,0.24753079116290766,2021-01-01 20:00:00
22,20,0.07468317744918851,2021-01-01 21:00:00
23,17,9.274025515340485,2021-01-01 22:00:00
24,20,6.931528030142678,2021-01-01 23:00:00
25,6,7.051475406390798,2021-01-02 00:00:00
26,16,5.960649900811572,2021-01-02 01:00:00
27,16,5.372356545502976,2021-01-02 02:00:00
28,1,4.5557856076908285,2021-01-02 03:00:00
29,19,6.001932091827896,2021-01-02 04:00:00
30,4,6.540819314864813,2021-01-02 05:00:00
31,18,3.7303977725971227,2021-01-02 06:00:00
32,20,6.682339729492771,2021-01-02 07:00:00
33,20,4.56884647075608,2021-01-02 08:00:00
34,20,0.8506680931448873,2021-01-02 09:00:00
35,15,2.3317375117858727,2021-01-02 10:00:00
36,8,0.8137171873773896,2021-01-02 11:00:00
37,1,3.2201733576531177,2021-01-02 12:00:00
38,2,6.11327420197621,2021-01-02 13:00:00
39,10,3.6762617338622325,2021-01-02 14:00:00
40,1,7.262271830954212,2021-01-02 15:00:00
41,11,6.7805941021201255,2021-01-02 16:00:00
42,4,1.4469113946367773,2021-01-02 17:00:00
43,12,1.6804252136797992,2021-01-02 18:00:00
44,19,0.6443544524575595,2021-01-02 19:00:00
45,3,2.64332757951716,2021-01-02 20:00:00
46,1,3.4835675308401837,2021-01-02 21:00:00
47,1,0.8824823957233274,2021-01-02 22:00:00
48,5,6.022291768963458,2021-01-02 23:00:00
49,6,7.143757403112454,2021-01-03 00:00:00
50,7,1.5722210078795429,2021-01-03 01:00:00
51,9,3.4213751260721645,2021-01-03 02:00:00
52,18,7.272499063287814,2021-01-03 03:00:00
53,16,6.633179242006552,2021-01-03 04:00:00
54,5,8.544600280930272,2021-01-03 05:00:00
55,10,5.546033889944743,2021-01-03 06:00:00
56,11,0.2575645952958272,2021-01-03 07:00:00
57,2,0.5732062395560056,2021-01-03 08:00:00
58,2,0.8006109334043365,2021-01-03 09:00:00
59,8,5.171372763282697,2021-01-03 10:00:00
60,10,7.5510617878327215,2021-01-03 11:00:00
61,4,0.32273288206079664,2021-01-03 12:00:00
62,7,4.566875932585548,2021-01-03 13:00:00
63,12,8.247977056146468,2021-01-03 14:00:00
64,15,6.686058477859133,2021-01-03 15:00:00
65,19,5.459175964679045,2021-01-03 16:00:00
66,1,5.8881170959982025,2021-01-03 17:00:00
67,15,8.964799995220387,2021-01-03 18:00:00
68,4,5.75077812446104,2021-01-03 19:00:00
69,13,4.218192202859447,2021-01-03 20:00:00
70,11,7.029517107877012,2021-01-03 21:00:00
71,12,3.5720742411211095,2021-01-03 22:00:00
72,5,9.729117433524024,2021-01-03 23:00:00
73,7,8.723025098826957,2021-01-04 00:00:00
74,5,1.5665349136410534,2021-01-04 01:00:00
75,16,6.841257283054843,2021-01-04 02:00:00
76,4,0.34070765304980766,2021-01-04 03:00:00
77,13,8.852072743848396,2021-01-04 04:00:00
78,5,8.448535836005071,2021-01-04 05:00:00
79,9,5.101279999339283,2021-01-04 06:00:00
80,15,1.2768864154067094,2021-01-04 07:00:00
81,16,6.21473036237933,2021-01-04 08:00:00
82,4,2.393370041497447,2021-01-04 09:00:00
83,16,6.308710670682553,2021-01-04 10:00:00
84,14,6.937457124861407,2021-01-04 11:00:00
85,17,1.0625490993419928,2021-01-04 12:00:00
86,18,4.76945891702155,2021-01-04 13:00:00
87,6,5.855933811351756,2021-01-04 14:00:00
88,10,2.536257077523816,2021-01-04 15:00:00
89,4,2.0101028586593883,2021-01-04 16:00:00
90,1,6.378557495168762,2021-01-04 17:00:00
91,6,7.607435651046118,2021-01-04 18:00:00
92,1,3.5911065478263717,2021-01-04 19:00:00
93,18,7.088975573529942,2021-01-04 20:00:00
94,19,5.873753080239119,2021-01-04 21:00:00
95,5,8.095933818559539,2021-01-04 22:00:00
96,3,2.0407206153032895,2021-01-04 23:00:00
97,17,7.9639676535932304,2021-01-05 00:00:00
98,4,2.664079022209859,2021-01-05 01:00:00
99,3,2.982644208891001,2021-01-05 02:00:00
100,11,9.781721735875621,2021-01-05 03:00:00
101,14,0.4601357674261175,2021-01-05 04:00:00
102,17,1.8975361652607803,2021-01-05 05:00:00
103,8,5.208747951515721,2021-01-05 06:00:00
104,10,3.759942708848374,2021-01-05 07:00:00
105,1,2.420997082858559,2021-01-05 08:00:00
106,11,6.8455273914732375,2021-01-05 09:00:00
107,19,6.692369637703354,2021-01-05 10:00:00
108,12,9.63740995048686,2021-01-05 11:00:00
109,3,8.786003749184793,2021-01-05 12:00:00
110,3,9.974361275579442,2021-01-05 13:00:00
111,4,3.628879967430343,2021-01-05 14:00:00
112,4,0.4523449008472591,2021-01-05 15:00:00
113,19,3.2529680764950197,2021-01-05 16:00:00
114,15,4.969147486079186,2021-01-05 17:00:00
115,4,1.7219570741928547,2021-01-05 18:00:00
116,18,0.8507607503369119,2021-01-05 19:00:00
117,19,4.527288590877394,2021-01-05 20:00:00
118,15,9.326655315439012,2021-01-05 21:00:00
119,10,7.631650075422819,2021-01-05 22:00:00
120,2,3.114860684923213,2021-01-05 23:00:00
121,5,8.886154950472609,2021-01-06 00:00:00
122,11,6.9727429261946625,2021-01-06 01:00:00
123,12,4.633440167565256,2021-01-06 02:00:00
124,9,2.6461952968972313,2021-01-06 03:00:00
125,12,5.75533888310394,2021-01-06 04:00:00
126,3,1.9490100382675557,2021-01-06 05:00:00
127,20,7.412316659101856,2021-01-06 06:00:00
128,17,9.369278798585663,2021-01-06 07:00:00
129,1,6.592678664279883,2021-01-06 08:00:00
130,1,7.249940940432136,2021-01-06 09:00:00
131,7,1.6448841169377215,2021-01-06 10:00:00
132,20,7.482239682739769,2021-01-06 11:00:00
133,15,4.973568393326228,2021-01-06 12:00:00
134,11,0.8738268983700015,2021-01-06 13:00:00
135,20,3.8644740628801766,2021-01-06 14:00:00
136,9,7.2944811408598795,2021-01-06 15:00:00
137,14,5.782103491419366,2021-01-06 16:00:00
138,3,3.063826511974809,2021-01-06 17:00:00
139,4,9.887490030926774,2021-01-06 18:00:00
140,3,5.740318396283186,2021-01-06 19:00:00
141,12,9.449491922357597,2021-01-06 20:00:00
142,14,5.597742312947368,2021-01-06 21:00:00
143,17,5.646665355933132,2021-01-06 22:00:00
144,9,0.5117043779166164,2021-01-06 23:00:00
145,9,1.0407876636568492,2021-01-07 00:00:00
146,20,6.1443806310639975,2021-01-07 01:00:00
147,9,7.316337132869179,2021-01-07 02:00:00
148,3,2.4403242795584523,2021-01-07 03:00:00
149,4,9.639757258676742,2021-01-07 04:00:00
150,13,7.412380741303433,2021-01-07 05:00:00
151,15,2.38011277490479,2021-01-07 06:00:00
152,1,6.444202813723995,2021-01-07 07:00:00
153,5,3.397563795229198,2021-01-07 08:00:00
154,4,7.2748074009815555,2021-01-07 09:00:00
155,14,5.845925768881225,2021-01-07 10:00:00
156,12,7.566537173094037,2021-01-07 11:00:00
157,14,2.514637879892241,2021-01-07 12:00:00
158,14,9.322953086416042,2021-01-07 13:00:00
159,12,9.930013144781219,2021-01-07 14:00:00
160,17,1.6453271965593197,2021-01-07 15:00:00
161,15,5.129053230612274,2021-01-07 16:00:00
162,17,8.634762184870425,2021-01-07 17:00:00
163,20,3.4769798866549104,2021-01-07 18:00:00
164,2,2.426373266109082,2021-01-07 19:00:00
165,9,7.310652091744037,2021-01-07 20:00:00
166,1,9.775178232106564,2021-01-07 21:00:00
167,5,5.037478187577902,2021-01-07 22:00:00
168,7,3.924305687545057,2021-01-07 23:00:00
169,14,3.919328654391413,2021-01-08 00:00:00
170,8,7.9450645905136605,2021-01-08 01:00:00
171,16,7.060610072140607,2021-01-08 02:00:00
172,10,3.1891732643409587,2021-01-08 03:00:00
173,19,9.74588656145021,2021-01-08 04:00:00
174,9,8.915804869744248,2021-01-08 05:00:00
175,16,7.009280635401255,2021-01-08 06:00:00
176,12,4.4077719260383885,2021-01-08 07:00:00
177,7,2.0729598015592154,2021-01-08 08:00:00
178,16,6.649647021455754,2021-01-08 09:00:00
179,2,7.538900662482234,2021-01-08 10:00:00
180,13,6.040775469649427,2021-01-08 11:00:00
181,4,4.956167803712477,2021-01-08 12:00:00
182,19,1.1804156469474747,2021-01-08 13:00:00
183,16,7.847305693588856,2021-01-08 14:00:00
184,4,4.915914271695155,2021-01-08 15:00:00
185,11,8.541148850495631,2021-01-08 16:00:00
186,13,1.3481864568964197,2021-01-08 17:00:00
187,7,9.650893843366521,2021-01-08 18:00:00
188,4,4.912010411160263,2021-01-08 19:00:00
189,6,0.7235036841916032,2021-01-08 20:00:00
190,12,2.8011374830583726,2021-01-08 21:00:00
191,1,9.025802071006131,2021-01-08 22:00:00
192,12,3.340179486311926,2021-01-08 23:00:00
193,9,9.70078102791018,2021-01-09 00:00:00
194,11,4.441214092546122,2021-01-09 01:00:00
195,12,3.670462444410366,2021-01-09 02:00:00
196,6,7.897696137224099,2021-01-09 03:00:00
197,16,4.671194071688368,2021-01-09 04:00:00
198,9,0.7556656219249991,2021-01-09 05:00:00
199,3,8.288409062040861,2021-01-09 06:00:00
200,20,7.904622896840079,2021-01-09 07:00:00
201,20,5.149929145106603,2021-01-09 08:00:00
202,15,0.0968331698524838,2021-01-09 09:00:00
203,4,1.363570073540612,2021-01-09 10:00:00
204,4,7.119905766783191,2021-01-09 11:00:00
205,8,5.908575499229021,2021-01-09 12:00:00
206,10,7.000445015159354,2021-01-09 13:00:00
207,10,3.609344726341379,2021-01-09 14:00:00
208,10,6.293767082242789,2021-01-09 15:00:00
209,4,4.3482663641747346,2021-01-09 16:00:00
210,15,4.1380102016944775,2021-01-09 17:00:00
211,19,4.150326178384658,2021-01-09 18:00:00
212,13,0.3205561878405161,2021-01-09 19:00:00
213,4,0.6099500678157388,2021-01-09 20:00:00
214,10,8.493191637610119,2021-01-09 21:00:00
215,11,6.955255399409916,2021-01-09 22:00:00
216,14,2.30411701632115,2021-01-09 23:00:00
217,8,1.181267016747758,2021-01-10 00:00:00
218,8,0.407102624953688,2021-01-10 01:00:00
219,2,4.797071533549319,2021-01-10 02:00:00
220,13,5.879671251560832,2021-01-10 03:00:00
221,3,8.9795593614042,2021-01-10 04:00:00
222,3,9.20271754339812,2021-01-10 05:00:00
223,2,3.662443196462556,2021-01-10 06:00:00
224,6,9.308394544480024,2021-01-10 07:00:00
225,9,5.457793402968006,2021-01-10 08:00:00
226,5,5.740918955171218,2021-01-10 09:00:00
227,1,1.786356383568154,2021-01-10 10:00:00
228,12,1.158614533443827,2021-01-10 11:00:00
229,3,2.4437607246945503,2021-01-10 12:00:00
230,6,1.2428889389094477,2021-01-10 13:00:00
231,17,2.232916696542481,2021-01-10 14:00:00
232,9,5.398133777638715,2021-01-10 15:00:00
233,2,8.682549840773977,2021-01-10 16:00:00
234,18,7.949877862386675,2021-01-10 17:00:00
235,17,0.32356232560799003,2021-01-10 18:00:00
236,4,6.985574097306691,2021-01-10 19:00:00
237,9,0.4679178811206386,2021-01-10 20:00:00
238,5,9.980254861986479,2021-01-10 21:00:00
239,17,7.841143502938673,2021-01-10 22:00:00
240,4,2.3138177956074557,2021-01-10 23:00:00
241,8,4.901102649855183,2021-01-11 00:00:00
242,4,7.44101230952888,2021-01-11 01:00:00
243,19,8.398065242143142,2021-01-11 02:00:00
244,18,2.2885739019915685,2021-01-11 03:00:00
245,2,1.3394889070299387,2021-01-11 04:00:00
246,19,9.310765925671552,2021-01-11 05:00:00
247,18,6.70761655944734,2021-01-11 06:00:00
248,3,8.76284891257797,2021-01-11 07:00:00
249,6,2.3238315430145926,2021-01-11 08:00:00
250,6,1.2869661397751986,2021-01-11 09:00:00
251,13,3.503251855928996,2021-01-11 10:00:00
252,13,2.5269993445346572,2021-01-11 11:00:00
253,3,0.7275408464559052,2021-01-11 12:00:00
254,16,6.444791031250725,2021-01-11 13:00:00
255,8,2.512119615032453,2021-01-11 14:00:00
256,8,4.502244692295257,2021-01-11 15:00:00
257,12,2.8830055336939084,2021-01-11 16:00:00
258,18,9.2119220841902,2021-01-11 17:00:00
259,7,4.50209164077744,2021-01-11 18:00:00
260,8,8.798566872314286,2021-01-11 19:00:00
261,19,0.4401636229319328,2021-01-11 20:00:00
262,12,5.358019196743568,2021-01-11 21:00:00
263,20,4.527304964267199,2021-01-11 22:00:00
264,18,3.2611769234794084,2021-01-11 23:00:00
265,10,3.001894580146126,2021-01-12 00:00:00
266,15,2.667881580450832,2021-01-12 01:00:00
267,10,1.9952953347656566,2021-01-12 02:00:00
268,19,4.926324326786844,2021-01-12 03:00:00
269,1,3.451377710351704,2021-01-12 04:00:00
270,10,3.3060052967969975,2021-01-12 05:00:00
271,12,0.6620717246556684,2021-01-12 06:00:00
272,18,0.13865046303784045,2021-01-12 07:00:00
273,10,9.116567558329766,2021-01-12 08:00:00
274,1,4.137584288128747,2021-01-12 09:00:00
275,17,6.770445393302863,2021-01-12 10:00:00
276,11,4.52398965006863,2021-01-12 11:00:00
277,5,2.0063767068556846,2021-01-12 12:00:00
278,4,9.294751866998332,2021-01-12 13:00:00
279,20,1.2266198333459533,2021-01-12 14:00:00
280,9,4.813752290461304,2021-01-12 15:00:00
281,15,0.9172809649220148,2021-01-12 16:00:00
282,1,2.2927609397945448,2021-01-12 17:00:00
283,20,6.85414932707772,2021-01-12 18:00:00
284,9,5.264125392686957,2021-01-12 19:00:00
285,8,5.500545092763139,2021-01-12 20:00:00
286,14,8.322388610488995,2021-01-12 21:00:00
287,18,0.6077815630343164,2021-01-12 22:00:00
288,1,9.048267078810678,2021-01-12 23:00:00
289,12,6.512275625691014,2021-01-13 00:00:00
290,5,6.409073259832503,2021-01-13 01:00:00
291,1,0.30208200221242043,2021-01-13 02:00:00
292,11,9.100726167981907,2021-01-13 03:00:00
293,15,0.2798199115935929,2021-01-13 04:00:00
294,19,1.854479699276208,2021-01-13 05:00:00
295,5,8.959111920856543,2021-01-13 06:00:00
296,4,1.2672767124253315,2021-01-13 07:00:00
297,20,3.9798815745599256,2021-01-13 08:00:00
298,8,7.600492013625404,2021-01-13 09:00:00
299,9,5.629474419315366,2021-01-13 10:00:00
300,14,7.304780522039368,2021-01-13 11:00:00
301,6,1.92846100016822,2021-01-13 12:00:00
302,1,4.120524434335601,2021-01-13 13:00:00
303,9,4.983880977403929,2021-01-13 14:00:00
304,16,2.4362352466089865,2021-01-13 15:00:00
305,16,9.979175244355424,2021-01-13 16:00:00
306,12,6.711155743722392,2021-01-13 17:00:00
307,5,8.837794366695448,2021-01-13 18:00:00
308,8,3.929667748574588,2021-01-13 19:00:00
309,14,9.248398163414324,2021-01-13 20:00:00
310,11,2.516267562253555,2021-01-13 21:00:00
311,15,1.5788387026060235,2021-01-13 22:00:00
312,18,7.868600273152987,2021-01-13 23:00:00
313,20,9.730166327573441,2021-01-14 00:00:00
314,4,0.6203582052157708,2021-01-14 01:00:00
315,10,1.0000267699548404,2021-01-14 02:00:00
316,19,3.1789786934096034,2021-01-14 03:00:00
317,3,5.259509385903215,2021-01-14 04:00:00
318,20,7.042712939311184,2021-01-14 05:00:00
319,12,9.555505485464485,2021-01-14 06:00:00
320,19,1.1781973803370482,2021-01-14 07:00:00
321,14,3.5631498169861606,2021-01-14 08:00:00
322,2,2.6628398842581857,2021-01-14 09:00:00
323,7,8.074185272001149,2021-01-14 10:00:00
324,11,1.635587947677568,2021-01-14 11:00:00
325,17,8.768395705901732,2021-01-14 12:00:00
326,17,7.737104057028638,2021-01-14 13:00:00
327,4,8.838186377211652,2021-01-14 14:00:00
328,18,9.69167754546361,2021-01-14 15:00:00
329,11,5.734439378411604,2021-01-14 16:00:00
330,10,4.584124344457383,2021-01-14 17:00:00
331,13,4.850305333941879,2021-01-14 18:00:00
332,14,8.955129342048439,2021-01-14 19:00:00
333,7,2.086833295059046,2021-01-14 20:00:00
334,7,3.753504318273384,2021-01-14 21:00:00
335,8,6.4113293171952765,2021-01-14 22:00:00
336,9,7.16032648554444,2021-01-14 23:00:00
337,14,0.5637216211901908,2021-01-15 00:00:00
338,8,9.78153735661209,2021-01-15 01:00:00
339,17,3.314519219564752,2021-01-15 02:00:00
340,16,2.0606353742155656,2021-01-15 03:00:00
341,9,3.071729507489601,2021-01-15 04:00:00
342,4,9.847724724695725,2021-01-15 05:00:00
343,7,6.685771566807857,2021-01-15 06:00:00
344,18,2.452779420504144,2021-01-15 07:00:00
345,8,2.0109601788842535,2021-01-15 08:00:00
346,3,0.7489516584570699,2021-01-15 09:00:00
347,17,3.6321397861755758,2021-01-15 10:00:00
348,19,8.237531602630241,2021-01-15 11:00:00
349,14,2.754252637030249,2021-01-15 12:00:00
350,5,3.684909610688152,2021-01-15 13:00:00
351,5,7.61436693385725,2021-01-15 14:00:00
352,13,6.959468588151881,2021-01-15 15:00:00
353,18,4.124335494348642,2021-01-15 16:00:00
354,2,1.6431931652456944,2021-01-15 17:00:00
355,6,8.937727558492876,2021-01-15 18:00:00
356,2,5.750617107813022,2021-01-15 19:00:00
357,20,2.5676781645284508,2021-01-15 20:00:00
358,20,2.3679003662287235,2021-01-15 21:00:00
359,8,4.4838567323722796,2021-01-15 22:00:00
360,10,4.031471818071709,2021-01-15 23:00:00
361,18,0.6888045451168356,2021-01-16 00:00:00
362,10,9.431424393677633,2021-01-16 01:00:00
363,1,7.869541438014665,2021-01-16 02:00:00
364,20,4.965481287518624,2021-01-16 03:00:00
365,5,3.2690272556577824,2021-01-16 04:00:00
366,18,1.8147632030416894,2021-01-16 05:00:00
367,17,1.662895700085888,2021-01-16 06:00:00
368,4,2.404903956230202,2021-01-16 07:00:00
369,11,2.20528299733234,2021-01-16 08:00:00
370,2,7.097005375207258,2021-01-16 09:00:00
371,5,7.6963376272154616,2021-01-16 10:00:00
372,5,3.6348176474859506,2021-01-16 11:00:00
373,17,1.5939370714553658,2021-01-16 12:00:00
374,17,6.447343399279491,2021-01-16 13:00:00
375,16,3.3283098638248143,2021-01-16 14:00:00
376,11,9.322492029932766,2021-01-16 15:00:00
377,14,7.886609607677921,2021-01-16 16:00:00
378,9,9.877583893150483,2021-01-16 17:00:00
379,12,8.87363062083653,2021-01-16 18:00:00
380,7,0.05315040305120089,2021-01-16 19:00:00
381,10,0.6033534371131877,2021-01-16 20:00:00
382,16,8.981922578511977,2021-01-16 21:00:00
383,4,1.1893227268757212,2021-01-16 22:00:00
384,20,5.955836466901538,2021-01-16 23:00:00
385,13,3.5482113140507385,2021-01-17 00:00:00
386,19,0.33771567181470674,2021-01-17 01:00:00
387,18,0.8287617259163682,2021-01-17 02:00:00
388,11,7.658324795628452,2021-01-17 03:00:00
389,3,8.424018159411046,2021-01-17 04:00:00
390,2,3.6322396191548956,2021-01-17 05:00:00
391,12,2.467724032637003,2021-01-17 06:00:00
392,4,4.935906036824295,2021-01-17 07:00:00
393,13,1.5228310589695038,2021-01-17 08:00:00
394,5,6.169405101847012,2021-01-17 09:00:00
395,2,7.395077719081478,2021-01-17 10:00:00
396,18,7.039655722478795,2021-01-17 11:00:00
397,1,9.32079638462875,2021-01-17 12:00:00
398,8,6.017135550362443,2021-01-17 13:00:00
399,5,5.951974238799938,2021-01-17 14:00:00
400,4,7.369852374162408,2021-01-17 15:00:00
401,6,7.257837110777635,2021-01-17 16:00:00
402,7,2.791717419430242,2021-01-17 17:00:00
403,4,7.972539265801428,2021-01-17 18:00:00
404,3,9.044397579361084,2021-01-17 19:00:00
405,9,7.794087320490996,2021-01-17 20:00:00
406,2,8.493829620441446,2021-01-17 21:00:00
407,5,8.487215318297729,2021-01-17 22:00:00
408,1,2.4761779345224957,2021-01-17 23:00:00
409,14,8.270510280726564,2021-01-18 00:00:00
410,20,7.189811011169919,2021-01-18 01:00:00
411,10,3.2336547833793414,2021-01-18 02:00:00
412,6,6.746828176934336,2021-01-18 03:00:00
413,2,6.731905287231292,2021-01-18 04:00:00
414,8,8.023557541483905,2021-01-18 05:00:00
415,9,0.0006056860010250631,2021-01-18 06:00:00
416,8,6.472098571095659,2021-01-18 07:00:00
417,4,6.728891631083059,2021-01-18 08:00:00
418,13,5.77413203468298,2021-01-18 09:00:00
419,4,7.773778589029794,2021-01-18 10:00:00
420,7,1.4352856873886566,2021-01-18 11:00:00
421,8,3.0130892476832827,2021-01-18 12:00:00
422,20,7.558675329549962,2021-01-18 13:00:00
423,1,3.4292079425055553,2021-01-18 14:00:00
424,6,6.03649421485593,2021-01-18 15:00:00
425,12,6.2139259020238935,2021-01-18 16:00:00
426,10,2.9861366260267164,2021-01-18 17:00:00
427,20,4.609093930486534,2021-01-18 18:00:00
428,8,6.847991557063537,2021-01-18 19:00:00
429,6,7.736590437487539,2021-01-18 20:00:00
430,9,6.472179725846266,2021-01-18 21:00:00
431,12,3.857390660135432,2021-01-18 22:00:00
432,15,0.3157459807709617,2021-01-18 23:00:00
433,1,9.010079116192744,2021-01-19 00:00:00
434,9,0.09375177703852211,2021-01-19 01:00:00
435,20,1.023899512526445,2021-01-19 02:00:00
436,7,7.8327418493072,2021-01-19 03:00:00
437,11,0.608922255770824,2021-01-19 04:00:00
438,20,8.857963394252875,2021-01-19 05:00:00
439,3,8.98110969165408,2021-01-19 06:00:00
440,1,0.5598143911132769,2021-01-19 07:00:00
441,20,9.50955860190087,2021-01-19 08:00:00
442,15,5.144624634254558,2021-01-19 09:00:00
443,1,0.006915553857906875,2021-01-19 10:00:00
444,20,5.233646789090001,2021-01-19 11:00:00
445,7,3.8059537811768154,2021-01-19 12:00:00
446,2,9.853598419172286,2021-01-19 13:00:00
447,13,2.605882544682343,2021-01-19 14:00:00
448,19,4.465467390224825,2021-01-19 15:00:00
449,14,0.9469723108128403,2021-01-19 16:00:00
450,10,8.766484079235166,2021-01-19 17:00:00
451,5,0.375343500511105,2021-01-19 18:00:00
452,18,7.712411813790806,2021-01-19 19:00:00
453,4,2.783288070303098,2021-01-19 20:00:00
454,3,1.391332846704053,2021-01-19 21:00:00
455,14,7.014407515872629,2021-01-19 22:00:00
456,16,6.244974764053071,2021-01-19 23:00:00
457,5,0.35581802310027943,2021-01-20 00:00:00
458,10,3.881690830118073,2021-01-20 01:00:00
459,5,5.556790388062193,2021-01-20 02:00:00
460,18,3.5643988894439382,2021-01-20 03:00:00
461,19,6.317185258725026,2021-01-20 04:00:00
462,14,4.625827384688906,2021-01-20 05:00:00
463,14,6.4632918659668395,2021-01-20 06:00:00
464,3,6.0953671597860914,2021-01-20 07:00:00
465,4,2.0095056150453114,2021-01-20 08:00:00
466,10,3.378408669390376,2021-01-20 09:00:00
467,13,3.0325282044177437,2021-01-20 10:00:00
468,16,9.804097973710352,2021-01-20 11:00:00
469,3,2.439038006347647,2021-01-20 12:00:00
470,20,2.303055849957821,2021-01-20 13:00:00
471,7,0.5747063299950761,2021-01-20 14:00:00
472,15,9.4844310399364,2021-01-20 15:00:00
473,17,4.760031580599669,2021-01-20 16:00:00
474,16,9.890321340819145,2021-01-20 17:00:00
475,9,7.497014447921214,2021-01-20 18:00:00
476,1,0.3424590914634562,2021-01-20 19:00:00
477,11,7.955453873987436,2021-01-20 20:00:00
478,12,9.087334407983848,2021-01-20 21:00:00
479,14,7.357400856446253,2021-01-20 22:00:00
480,8,2.659304880823219,2021-01-20 23:00:00
481,7,1.4543560340536665,2021-01-21 00:00:00
482,14,1.940580886467822,2021-01-21 01:00:00
483,16,9.928866882612944,2021-01-21 02:00:00
484,10,5.000214023411999,2021-01-21 03:00:00
485,7,9.965408664572736,2021-01-21 04:00:00
486,12,6.586040703899139,2021-01-21 05:00:00
487,19,9.304283847033304,2021-01-21 06:00:00
488,8,6.434191119603595,2021-01-21 07:00:00
489,2,2.465770534254672,2021-01-21 08:00:00
490,10,3.150221007958738,2021-01-21 09:00:00
491,3,9.029788555949686,2021-01-21 10:00:00
492,19,9.2209388342308,2021-01-21 11:00:00
493,15,6.378402990857372,2021-01-21 12:00:00
494,6,0.978959985234259,2021-01-21 13:00:00
495,5,2.6091105331620943,2021-01-21 14:00:00
496,19,1.7792968264239128,2021-01-21 15:00:00
497,15,6.20053580355401,2021-01-21 16:00:00
498,19,1.5438959971555433,2021-01-21 17:00:00
499,2,4.408474996745482,2021-01-21 18:00:00
500,13,5.524403493765467,2021-01-21 19:00:00
501,1,2.2787071372066583,2021-01-21 20:00:00
502,10,2.271565919751369,2021-01-21 21:00:00
503,17,2.6694580183445415,2021-01-21 22:00:00
504,3,8.970574818724156,2021-01-21 23:00:00
505,9,5.6462720999253815,2021-01-22 00:00:00
506,20,1.2581115948401467,2021-01-22 01:00:00
507,11,2.050114135425223,2021-01-22 02:00:00
508,17,9.36844686646732,2021-01-22 03:00:00
509,2,3.7310588397870257,2021-01-22 04:00:00
510,1,3.503870169167882,2021-01-22 05:00:00
511,6,4.699936980033389,2021-01-22 06:00:00
512,3,3.9416087379162876,2021-01-22 07:00:00
513,16,3.3828139189745543,2021-01-22 08:00:00
514,4,3.664799361136869,2021-01-22 09:00:00
515,15,8.664586694893915,2021-01-22 10:00:00
516,6,6.947281050013833,2021-01-22 11:00:00
517,12,0.177686785201443,2021-01-22 12:00:00
518,20,9.581457164314722,2021-01-22 13:00:00
519,7,8.235719427173679,2021-01-22 14:00:00
520,7,9.210595943051088,2021-01-22 15:00:00
521,20,2.4069598218138912,2021-01-22 16:00:00
522,7,6.884629301299613,2021-01-22 17:00:00
523,3,9.767619552862158,2021-01-22 18:00:00
524,7,1.2708709981632615,2021-01-22 19:00:00
525,6,7.466881176643696,2021-01-22 20:00:00
526,6,2.425312544246343,2021-01-22 21:00:00
527,14,5.100202010656917,2021-01-22 22:00:00
528,10,2.5247319860614947,2021-01-22 23:00:00
529,5,6.490315935340551,2021-01-23 00:00:00
530,14,6.875892934885287,2021-01-23 01:00:00
531,18,0.4261593305968081,2021-01-23 02:00:00
532,4,5.4923725913266495,2021-01-23 03:00:00
533,14,6.431987762169744,2021-01-23 04:00:00
534,20,5.704234105902598,2021-01-23 05:00:00
535,9,2.736775489293329,2021-01-23 06:00:00
536,14,2.2082428411043153,2021-01-23 07:00:00
537,6,1.5358251246122712,2021-01-23 08:00:00
538,17,7.59873240937107,2021-01-23 09:00:00
539,15,7.927183641101987,2021-01-23 10:00:00
540,6,5.5033773179525936,2021-01-23 11:00:00
541,2,5.323256225494286,2021-01-23 12:00:00
542,6,3.6110647795445914,2021-01-23 13:00:00
543,7,0.7585009198078141,2021-01-23 14:00:00
544,13,9.840303014375557,2021-01-23 15:00:00
545,11,8.698480712136009,2021-01-23 16:00:00
546,15,2.054991265098356,2021-01-23 17:00:00
547,9,4.248526391447523,2021-01-23 18:00:00
548,8,6.5251434642912045,2021-01-23 19:00:00
549,14,5.526458698851697,2021-01-23 20:00:00
550,6,2.5120011652472307,2021-01-23 21:00:00
551,16,3.2405232120340086,2021-01-23 22:00:00
552,11,7.8816461233785295,2021-01-23 23:00:00
553,4,1.6245073066983284,2021-01-24 00:00:00
554,11,0.8158110380506911,2021-01-24 01:00:00
555,19,5.13184716298218,2021-01-24 02:00:00
556,4,2.2132975161730917,2021-01-24 03:00:00
557,15,2.3231649971153336,2021-01-24 04:00:00
558,19,5.259166399219239,2021-01-24 05:00:00
559,6,4.985335486942763,2021-01-24 06:00:00
560,5,9.279583638258732,2021-01-24 07:00:00
561,18,5.034492780123592,2021-01-24 08:00:00
562,6,1.9637414464593173,2021-01-24 09:00:00
563,4,0.2707823144785326,2021-01-24 10:00:00
564,6,0.8417808226704515,2021-01-24 11:00:00
565,9,4.198576487160278,2021-01-24 12:00:00
566,5,5.171213804274264,2021-01-24 13:00:00
567,18,6.464905900428154,2021-01-24 14:00:00
568,2,4.712067646835939,2021-01-24 15:00:00
569,19,6.581992463304118,2021-01-24 16:00:00
570,2,0.0071695958361195355,2021-01-24 17:00:00
571,15,0.14780925928741473,2021-01-24 18:00:00
572,18,8.02733654553383,2021-01-24 19:00:00
573,8,6.137021284989204,2021-01-24 20:00:00
574,12,7.557379812769747,2021-01-24 21:00:00
575,15,3.7840336991541146,2021-01-24 22:00:00
576,17,6.009336864596402,2021-01-24 23:00:00
577,2,4.691698482501961,2021-01-25 00:00:00
578,18,7.253162292486946,2021-01-25 01:00:00
579,13,0.9765965317630054,2021-01-25 02:00:00
580,15,1.1749159312757418,2021-01-25 03:00:00
581,1,8.13223546057808,2021-01-25 04:00:00
582,3,1.0537250911600926,2021-01-25 05:00:00
583,20,9.645108154949003,2021-01-25 06:00:00
584,15,7.126394625623247,2021-01-25 07:00:00
585,19,5.239944796513962,2021-01-25 08:00:00
586,12,8.861180151971615,2021-01-25 09:00:00
587,10,8.633301180367958,2021-01-25 10:00:00
588,15,7.754268517940487,2021-01-25 11:00:00
589,1,7.972928642726068,2021-01-25 12:00:00
590,13,7.8149051710941295,2021-01-25 13:00:00
591,10,5.697060419636806,2021-01-25 14:00:00
592,19,7.2685102950692,2021-01-25 15:00:00
593,5,4.571496244075332,2021-01-25 16:00:00
594,8,8.022157776109234,2021-01-25 17:00:00
595,4,7.435312207594521,2021-01-25 18:00:00
596,17,8.662915807685794,2021-01-25 19:00:00
597,13,9.27489795415039,2021-01-25 20:00:00
598,6,0.13637747735706696,2021-01-25 21:00:00
599,14,4.804214255501387,2021-01-25 22:00:00
600,17,9.171519672445633,2021-01-25 23:00:00
601,14,1.6993498580038902,2021-01-26 00:00:00
602,19,0.39222300277596434,2021-01-26 01:00:00
603,20,4.301456203558997,2021-01-26 02:00:00
604,18,4.312533247804563,2021-01-26 03:00:00
605,8,5.311951227664448,2021-01-26 04:00:00
606,18,4.7064735397732225,2021-01-26 05:00:00
607,15,6.979938197549007,2021-01-26 06:00:00
608,4,5.418223987881584,2021-01-26 07:00:00
609,11,5.423404507421514,2021-01-26 08:00:00
610,11,6.672132485984186,2021-01-26 09:00:00
611,2,5.223901209841825,2021-01-26 10:00:00
612,17,0.6213080552319561,2021-01-26 11:00:00
613,11,8.112588995548236,2021-01-26 12:00:00
614,19,2.8645354478111242,2021-01-26 13:00:00
615,17,9.016504359672536,2021-01-26 14:00:00
616,3,6.422337041804632,2021-01-26 15:00:00
617,7,7.638687239400839,2021-01-26 16:00:00
618,10,3.1251098949744227,2021-01-26 17:00:00
619,3,1.5609827553691824,2021-01-26 18:00:00
620,13,6.514670607825365,2021-01-26 19:00:00
621,10,3.3708106214993148,2021-01-26 20:00:00
622,5,4.302354780252204,2021-01-26 21:00:00
623,5,8.493363350724188,2021-01-26 22:00:00
624,10,0.22331561797470756,2021-01-26 23:00:00
625,11,7.943056746599712,2021-01-27 00:00:00
626,13,9.242920869004053,2021-01-27 01:00:00
627,9,5.062502109881448,2021-01-27 02:00:00
628,2,1.4417904634170442,2021-01-27 03:00:00
629,6,3.9623448177157092,2021-01-27 04:00:00
630,8,1.4897486967720186,2021-01-27 05:00:00
631,1,1.227448150529703,2021-01-27 06:00:00
632,2,9.639129912380373,2021-01-27 07:00:00
633,4,3.034212637262282,2021-01-27 08:00:00
634,19,2.6668018193606735,2021-01-27 09:00:00
635,19,7.710918952494876,2021-01-27 10:00:00
636,9,5.2831999257265,2021-01-27 11:00:00
637,19,8.729905725260114,2021-01-27 12:00:00
638,8,9.99853828045023,2021-01-27 13:00:00
639,11,0.8028483534780362,2021-01-27 14:00:00
640,19,1.430784216930504,2021-01-27 15:00:00
641,4,9.431030530445257,2021-01-27 16:00:00
642,13,2.1130155847858347,2021-01-27 17:00:00
643,20,0.44929781065684793,2021-01-27 18:00:00
644,14,8.603620627264762,2021-01-27 19:00:00
645,1,0.7357394172810239,2021-01-27 20:00:00
646,11,9.6184125732678,2021-01-27 21:00:00
647,4,7.6027910970551265,2021-01-27 22:00:00
648,7,4.04422320410779,2021-01-27 23:00:00
649,4,0.6511848072691195,2021-01-28 00:00:00
650,7,7.116144965902173,2021-01-28 01:00:00
651,20,5.698342129335561,2021-01-28 02:00:00
652,3,1.5138565083356526,2021-01-28 03:00:00
653,19,6.273410723267036,2021-01-28 04:00:00
654,19,6.573010109076483,2021-01-28 05:00:00
655,7,9.454189501211566,2021-01-28 06:00:00
656,12,4.578351799923455,2021-01-28 07:00:00
657,1,5.124883760590122,2021-01-28 08:00:00
658,5,9.08538318687383,2021-01-28 09:00:00
659,14,2.464023223874332,2021-01-28 10:00:00
660,10,2.6334652082605348,2021-01-28 11:00:00
661,3,9.301107711321482,2021-01-28 12:00:00
662,2,3.7344889440899545,2021-01-28 13:00:00
663,13,7.716321304217999,2021-01-28 14:00:00
664,16,3.3984303999246315,2021-01-28 15:00:00
665,2,2.181280127531701,2021-01-28 16:00:00
666,13,3.088191084860866,2021-01-28 17:00:00
667,6,5.069657259277884,2021-01-28 18:00:00
668,7,2.217810504812807,2021-01-28 19:00:00
669,2,7.3000250470099175,2021-01-28 20:00:00
670,11,0.7492144251241462,2021-01-28 21:00:00
671,7,5.533152433905455,2021-01-28 22:00:00
672,7,5.76656725134395,2021-01-28 23:00:00
673,7,3.1567092151335063,2021-01-29 00:00:00
674,7,0.4446784344627708,2021-01-29 01:00:00
675,12,5.123100599017075,2021-01-29 02:00:00
676,19,0.6382536595721056,2021-01-29 03:00:00
677,19,8.48062973667562,2021-01-29 04:00:00
678,19,9.493698964859975,2021-01-29 05:00:00
679,20,2.6495812786864557,2021-01-29 06:00:00
680,3,1.0137403983763382,2021-01-29 07:00:00
681,13,2.8672584878976624,2021-01-29 08:00:00
682,10,1.9664628730812084,2021-01-29 09:00:00
683,20,0.08903998574039895,2021-01-29 10:00:00
684,9,8.913013995994124,2021-01-29 11:00:00
685,6,7.890153286535069,2021-01-29 12:00:00
686,12,3.0287818370681228,2021-01-29 13:00:00
687,2,6.448269584762594,2021-01-29 14:00:00
688,12,9.704102962944729,2021-01-29 15:00:00
689,16,7.855550324285603,2021-01-29 16:00:00
690,13,7.489730257017411,2021-01-29 17:00:00
691,16,6.0762410623023495,2021-01-29 18:00:00
692,13,3.699406954854978,2021-01-29 19:00:00
693,19,5.846397909736113,2021-01-29 20:00:00
694,14,1.5728142036562975,2021-01-29 21:00:00
695,13,0.3776409716511464,2021-01-29 22:00:00
696,10,3.9275253917414554,2021-01-29 23:00:00
697,7,1.541298517194919,2021-01-30 00:00:00
698,5,1.5274234220713012,2021-01-30 01:00:00
699,17,4.798301884002409,2021-01-30 02:00:00
700,9,1.7693548523244518,2021-01-30 03:00:00
701,6,1.9987908048860181,2021-01-30 04:00:00
702,16,5.751389435782195,2021-01-30 05:00:00
703,6,4.570628258440247,2021-01-30 06:00:00
704,6,7.181190398077972,2021-01-30 07:00:00
705,18,4.6305005004382735,2021-01-30 08:00:00
706,1,3.073065650776059,2021-01-30 09:00:00
707,17,6.3586778589706325,2021-01-30 10:00:00
708,17,4.826277777706721,2021-01-30 11:00:00
709,1,9.775830162645429,2021-01-30 12:00:00
710,11,2.4776733185216058,2021-01-30 13:00:00
711,13,6.750578684975789,2021-01-30 14:00:00
712,1,9.873704512258033,2021-01-30 15:00:00
713,8,9.259933707077291,2021-01-30 16:00:00
714,20,2.525670520988661,2021-01-30 17:00:00
715,6,7.194691224640225,2021-01-30 18:00:00
716,5,3.8653845362683015,2021-01-30 19:00:00
717,20,7.594900965215511,2021-01-30 20:00:00
718,5,1.2570729190297414,2021-01-30 21:00:00
719,6,9.730957973179523,2021-01-30 22:00:00
720,13,1.4949853142902991,2021-01-30 23:00:00
721,18,6.995359170943001,2021-01-31 00:00:00
722,20,3.455142068638679,2021-01-31 01:00:00
723,13,1.869371996955873,2021-01-31 02:00:00
724,7,3.9085436980385513,2021-01-31 03:00:00
725,8,9.713597962976898,2021-01-31 04:00:00
726,17,1.1476736267816057,2021-01-31 05:00:00
727,1,0.33093704268924995,2021-01-31 06:00:00
728,16,7.961171086951641,2021-01-31 07:00:00
729,11,8.199957086180632,2021-01-31 08:00:00
730,4,4.857948764313917,2021-01-31 09:00:00
731,4,9.609320390635038,2021-01-31 10:00:00
732,17,6.277169227449804,2021-01-31 11:00:00
733,17,5.909978032467784,2021-01-31 12:00:00
734,10,8.329434141611841,2021-01-31 13:00:00
735,6,0.01116184681138832,2021-01-31 14:00:00
736,17,1.966998458883622,2021-01-31 15:00:00
737,18,2.871415742491059,2021-01-31 16:00:00
738,10,4.467367514213137,2021-01-31 17:00:00
739,13,1.2379569051608585,2021-01-31 18:00:00
740,16,8.597245512848366,2021-01-31 19:00:00
741,7,7.156222064022458,2021-01-31 20:00:00
742,15,7.709966889098142,2021-01-31 21:00:00
743,2,0.9112043347908316,2021-01-31 22:00:00
744,5,5.014622341215842,2021-01-31 23:00:00
745,17,1.197254491637949,2021-02-01 00:00:00
746,5,2.7404057166165385,2021-02-01 01:00:00
747,8,9.205475833293033,2021-02-01 02:00:00
748,15,7.726277154556172,2021-02-01 03:00:00
749,8,7.720568212000915,2021-02-01 04:00:00
750,3,7.530862608787344,2021-02-01 05:00:00
751,17,4.046433203301928,2021-02-01 06:00:00
752,16,0.8695534603725286,2021-02-01 07:00:00
753,16,9.30877036418403,2021-02-01 08:00:00
754,19,6.943938886659314,2021-02-01 09:00:00
755,12,7.782417274338482,2021-02-01 10:00:00
756,15,7.916145378169379,2021-02-01 11:00:00
757,8,8.233407492797935,2021-02-01 12:00:00
758,3,3.8234180142353558,2021-02-01 13:00:00
759,18,9.347811996926772,2021-02-01 14:00:00
760,4,4.695881404797015,2021-02-01 15:00:00
761,8,2.1595956011440443,2021-02-01 16:00:00
762,14,5.146248839928639,2021-02-01 17:00:00
763,17,6.4399694009450705,2021-02-01 18:00:00
764,6,3.194196685700923,2021-02-01 19:00:00
765,5,1.0680634141745005,2021-02-01 20:00:00
766,14,4.568649999666645,2021-02-01 21:00:00
767,6,4.877992709171716,2021-02-01 22:00:00
768,20,7.714057235887447,2021-02-01 23:00:00
769,12,0.72422857200095,2021-02-02 00:00:00
770,9,6.704301077785568,2021-02-02 01:00:00
771,1,1.4798975590525898,2021-02-02 02:00:00
772,18,6.811148375150179,2021-02-02 03:00:00
773,6,3.4198319798192145,2021-02-02 04:00:00
774,5,8.450860039476792,2021-02-02 05:00:00
775,2,4.563712561689234,2021-02-02 06:00:00
776,6,2.337084847736426,2021-02-02 07:00:00
777,17,7.625247095507227,2021-02-02 08:00:00
778,7,9.786544840803087,2021-02-02 09:00:00
779,9,6.336432540397196,2021-02-02 10:00:00
780,20,1.3442806125258255,2021-02-02 11:00:00
781,5,2.0437375188294493,2021-02-02 12:00:00
782,11,3.7966146833187575,2021-02-02 13:00:00
783,11,4.965778443400151,2021-02-02 14:00:00
784,4,0.20141255218389165,2021-02-02 15:00:00
785,6,4.817041720961644,2021-02-02 16:00:00
786,10,4.748848776526804,2021-02-02 17:00:00
787,9,4.358830084547164,2021-02-02 18:00:00
788,18,3.0865779689630557,2021-02-02 19:00:00
789,20,9.569415923802847,2021-02-02 20:00:00
790,9,6.660052346821277,2021-02-02 21:00:00
791,11,7.8762840174829005,2021-02-02 22:00:00
792,2,5.1559524776333205,2021-02-02 23:00:00
793,15,3.6614680526876353,2021-02-03 00:00:00
794,6,3.7121297664160844,2021-02-03 01:00:00
795,17,2.7338338657983865,2021-02-03 02:00:00
796,4,5.469632524317119,2021-02-03 03:00:00
797,8,8.541370127932854,2021-02-03 04:00:00
798,2,0.39202300758995,2021-02-03 05:00:00
799,9,7.512979777776735,2021-02-03 06:00:00
800,1,7.837638912334219,2021-02-03 07:00:00
801,6,3.9472400969951913,2021-02-03 08:00:00
802,16,7.4379429859345745,2021-02-03 09:00:00
803,7,3.892870748066847,2021-02-03 10:00:00
804,16,3.1538720413305543,2021-02-03 11:00:00
805,6,2.3548247589785767,2021-02-03 12:00:00
806,10,8.037916838133123,2021-02-03 13:00:00
807,18,0.2908084979770831,2021-02-03 14:00:00
808,17,2.3909771467944263,2021-02-03 15:00:00
809,17,3.0136057733391652,2021-02-03 16:00:00
810,12,6.076307604579329,2021-02-03 17:00:00
811,15,4.258175472941041,2021-02-03 18:00:00
812,6,6.630615355150043,2021-02-03 19:00:00
813,20,1.4306142459105342,2021-02-03 20:00:00
814,16,3.434538036350313,2021-02-03 21:00:00
815,14,5.293102122750869,2021-02-03 22:00:00
816,12,6.225655209169238,2021-02-03 23:00:00
817,12,2.696006927836949,2021-02-04 00:00:00
818,2,2.611701243647766,2021-02-04 01:00:00
819,8,0.46383983756658753,2021-02-04 02:00:00
820,17,8.227104928089958,2021-02-04 03:00:00
821,8,0.2794630020239197,2021-02-04 04:00:00
822,16,3.60634747234184,2021-02-04 05:00:00
823,1,1.7990637053003167,2021-02-04 06:00:00
824,5,5.0176765727298145,2021-02-04 07:00:00
825,19,9.806489347715056,2021-02-04 08:00:00
826,3,4.209853351033644,2021-02-04 09:00:00
827,9,5.85628134435701,2021-02-04 10:00:00
828,11,5.911709301657625,2021-02-04 11:00:00
829,6,0.5699884631420671,2021-02-04 12:00:00
830,7,7.211376713761181,2021-02-04 13:00:00
831,7,7.764210528470467,2021-02-04 14:00:00
832,5,7.337626622418548,2021-02-04 15:00:00
833,2,1.4674283849497405,2021-02-04 16:00:00
834,5,4.538802235806168,2021-02-04 17:00:00
835,6,3.97159655315517,2021-02-04 18:00:00
836,6,3.8575967313026838,2021-02-04 19:00:00
837,7,0.6829276628096514,2021-02-04 20:00:00
838,4,7.903047133500101,2021-02-04 21:00:00
839,18,0.049291266621827035,2021-02-04 22:00:00
840,16,1.632636570351147,2021-02-04 23:00:00
841,19,6.968273311356801,2021-02-05 00:00:00
842,10,2.2743138184106204,2021-02-05 01:00:00
843,5,8.47017344136027,2021-02-05 02:00:00
844,18,6.0162566326157165,2021-02-05 03:00:00
845,3,7.532606551955805,2021-02-05 04:00:00
846,20,2.258088506021465,2021-02-05 05:00:00
847,4,7.513810022852453,2021-02-05 06:00:00
848,14,8.3605313794953,2021-02-05 07:00:00
849,12,5.420173544091322,2021-02-05 08:00:00
850,14,0.2740073783724639,2021-02-05 09:00:00
851,5,3.299728878403606,2021-02-05 10:00:00
852,18,5.91142422524782,2021-02-05 11:00:00
853,7,9.380934018102522,2021-02-05 12:00:00
854,16,2.175041437176417,2021-02-05 13:00:00
855,3,0.4371568019488914,2021-02-05 14:00:00
856,11,5.959857066131944,2021-02-05 15:00:00
857,18,5.4100901364060405,2021-02-05 16:00:00
858,6,4.064934708309938,2021-02-05 17:00:00
859,5,9.535632258132855,2021-02-05 18:00:00
860,5,0.8428815604609141,2021-02-05 19:00:00
861,16,9.511022507050106,2021-02-05 20:00:00
862,3,0.34989337735811255,2021-02-05 21:00:00
863,12,5.389444047211481,2021-02-05 22:00:00
864,3,9.456360671803877,2021-02-05 23:00:00
865,2,4.617539182292665,2021-02-06 00:00:00
866,15,1.1024756700189697,2021-02-06 01:00:00
867,20,9.686880692761626,2021-02-06 02:00:00
868,17,4.515892943590344,2021-02-06 03:00:00
869,12,8.15610973573741,2021-02-06 04:00:00
870,2,6.815781002238119,2021-02-06 05:00:00
871,2,4.057888406214891,2021-02-06 06:00:00
872,14,9.824082564793295,2021-02-06 07:00:00
873,7,6.571411058121852,2021-02-06 08:00:00
874,14,7.574708426618213,2021-02-06 09:00:00
875,7,0.2166893088586519,2021-02-06 10:00:00
876,20,6.0917228810728545,2021-02-06 11:00:00
877,17,9.45189967451212,2021-02-06 12:00:00
878,4,2.420132103584134,2021-02-06 13:00:00
879,15,2.502978649969415,2021-02-06 14:00:00
880,3,8.50195175932215,2021-02-06 15:00:00
881,6,9.453199100648321,2021-02-06 16:00:00
882,8,3.712947700636274,2021-02-06 17:00:00
883,16,6.757552072121533,2021-02-06 18:00:00
884,15,9.156470107198489,2021-02-06 19:00:00
885,4,0.9512343671317303,2021-02-06 20:00:00
886,8,4.849420146415676,2021-02-06 21:00:00
887,8,7.80788521472139,2021-02-06 22:00:00
888,20,6.484968937586729,2021-02-06 23:00:00
889,7,1.265120885733605,2021-02-07 00:00:00
890,20,8.600265694151974,2021-02-07 01:00:00
891,18,6.180731047034149,2021-02-07 02:00:00
892,12,9.506601003637712,2021-02-07 03:00:00
893,4,6.018025747049877,2021-02-07 04:00:00
894,14,8.145851222967277,2021-02-07 05:00:00
895,5,9.873833352776355,2021-02-07 06:00:00
896,20,7.8745160861370875,2021-02-07 07:00:00
897,7,4.913800702567867,2021-02-07 08:00:00
898,12,5.884725095442695,2021-02-07 09:00:00
899,15,5.732467475850282,2021-02-07 10:00:00
900,19,0.4945665919227782,2021-02-07 11:00:00
901,13,3.8529155904521897,2021-02-07 12:00:00
902,4,4.222761528825796,2021-02-07 13:00:00
903,6,1.2963159272588043,2021-02-07 14:00:00
904,8,0.41306346899091406,2021-02-07 15:00:00
905,15,0.047475043248909055,2021-02-07 16:00:00
906,12,3.5680508121173515,2021-02-07 17:00:00
907,10,2.4253201625296628,2021-02-07 18:00:00
908,12,5.553854838235331,2021-02-07 19:00:00
909,17,9.239346814711821,2021-02-07 20:00:00
910,8,0.3904725996280489,2021-02-07 21:00:00
911,2,4.35266159347642,2021-02-07 22:00:00
912,19,6.676457237009595,2021-02-07 23:00:00
913,1,0.8420749678948292,2021-02-08 00:00:00
914,10,6.119697624181453,2021-02-08 01:00:00
915,9,3.6909894021735856,2021-02-08 02:00:00
916,19,7.652703575508236,2021-02-08 03:00:00
917,12,2.476150848684436,2021-02-08 04:00:00
918,20,1.2349522535387492,2021-02-08 05:00:00
919,18,1.070425914245362,2021-02-08 06:00:00
920,16,4.947647134100941,2021-02-08 07:00:00
921,4,5.620653174867871,2021-02-08 08:00:00
922,11,2.1878330983125793,2021-02-08 09:00:00
923,15,5.507992867357274,2021-02-08 10:00:00
924,16,7.178526672195304,2021-02-08 11:00:00
925,2,2.498029568060897,2021-02-08 12:00:00
926,13,0.10164942707367786,2021-02-08 13:00:00
927,12,8.310665817257263,2021-02-08 14:00:00
928,8,8.436781706754488,2021-02-08 15:00:00
929,12,3.776806168844855,2021-02-08 16:00:00
930,14,9.382437687026782,2021-02-08 17:00:00
931,3,8.267966009242897,2021-02-08 18:00:00
932,2,3.1737374778020455,2021-02-08 19:00:00
933,17,5.981925204672647,2021-02-08 20:00:00
934,2,4.041215542337121,2021-02-08 21:00:00
935,17,1.1686714853972713,2021-02-08 22:00:00
936,2,4.1248148831832605,2021-02-08 23:00:00
937,2,8.436583448593654,2021-02-09 00:00:00
938,13,5.23108854030237,2021-02-09 01:00:00
939,7,6.084016353372589,2021-02-09 02:00:00
940,9,3.598740234786746,2021-02-09 03:00:00
941,9,1.7580301916636032,2021-02-09 04:00:00
942,14,5.700390407966119,2021-02-09 05:00:00
943,11,5.51777773466418,2021-02-09 06:00:00
944,20,9.561296419596596,2021-02-09 07:00:00
945,19,0.09358575514691214,2021-02-09 08:00:00
946,1,8.981548189818914,2021-02-09 09:00:00
947,5,9.258470705623145,2021-02-09 10:00:00
948,1,2.406238404418646,2021-02-09 11:00:00
949,6,0.45677082037155925,2021-02-09 12:00:00
950,16,8.48859783124576,2021-02-09 13:00:00
951,20,1.6897605441274532,2021-02-09 14:00:00
952,16,3.9688417555166486,2021-02-09 15:00:00
953,20,4.531982274844788,2021-02-09 16:00:00
954,13,3.24998930279524,2021-02-09 17:00:00
955,14,4.265275328482177,2021-02-09 18:00:00
956,11,3.112467981437029,2021-02-09 19:00:00
957,10,5.252233109889815,2021-02-09 20:00:00
958,17,0.4001707453830672,2021-02-09 21:00:00
959,7,5.90969084340499,2021-02-09 22:00:00
960,4,1.528870096836128,2021-02-09 23:00:00
961,17,9.764026001187245,2021-02-10 00:00:00
962,1,6.456086772276937,2021-02-10 01:00:00
963,2,0.07919521912727823,2021-02-10 02:00:00
964,19,0.39069211199332043,2021-02-10 03:00:00
965,1,2.6973119296703,2021-02-10 04:00:00
966,12,7.6393639151844495,2021-02-10 05:00:00
967,19,0.9226434757784774,2021-02-10 06:00:00
968,19,6.620674133975804,2021-02-10 07:00:00
969,16,5.51575595078797,2021-02-10 08:00:00
970,16,4.3653238766251015,2021-02-10 09:00:00
971,8,1.7733715188639598,2021-02-10 10:00:00
972,13,0.3271940636838355,2021-02-10 11:00:00
973,14,5.123698316768335,2021-02-10 12:00:00
974,19,5.146093096813184,2021-02-10 13:00:00
975,15,0.14900007504414114,2021-02-10 14:00:00
976,15,6.425756462863821,2021-02-10 15:00:00
977,8,3.613712480986433,2021-02-10 16:00:00
978,13,4.813073572407092,2021-02-10 17:00:00
979,12,4.590864793025905,2021-02-10 18:00:00
980,13,6.975904016827671,2021-02-10 19:00:00
981,16,5.062452053528185,2021-02-10 20:00:00
982,12,3.7005203878232495,2021-02-10 21:00:00
983,14,1.9649684552509794,2021-02-10 22:00:00
984,15,0.29881139591037553,2021-02-10 23:00:00
985,19,2.2618104580202147,2021-02-11 00:00:00
986,5,6.218099443159499,2021-02-11 01:00:00
987,2,2.5814070329541963,2021-02-11 02:00:00
988,18,6.786946419016698,2021-02-11 03:00:00
989,18,9.375906181832352,2021-02-11 04:00:00
990,17,2.565674742817979,2021-02-11 05:00:00
991,10,7.738327728352128,2021-02-11 06:00:00
992,17,6.56158436303895,2021-02-11 07:00:00
993,3,3.9958534739452856,2021-02-11 08:00:00
994,16,7.063275557715464,2021-02-11 09:00:00
995,18,2.7967350317687503,2021-02-11 10:00:00
996,7,2.993789551494422,2021-02-11 11:00:00
997,1,4.004919784653383,2021-02-11 12:00:00
998,7,4.237012887056761,2021-02-11 13:00:00
999,13,5.522874003211,2021-02-11 14:00:00
1000,16,3.8338140282385416,2021-02-11 15:00:00
